image	class_dir	class_name	imagenet_id
img01	n01440764	tench	1
img02	n01440764	tench	1
img03	n01440764	tench	1
img04	n01440764	tench	1
img05	n01440764	tench	1
img06	n01440764	tench	1
img07	n01440764	tench	1
img08	n01440764	tench	1
img09	n01440764	tench	1
img10	n01440764	tench	1
img11	n01440764	tench	1
img12	n01440764	tench	1
img13	n01440764	tench	1
img14	n01440764	tench	1
img15	n01440764	tench	1
img16	n01440764	tench	1
img17	n01440764	tench	1
img18	n01440764	tench	1
img19	n01440764	tench	1
img20	n01440764	tench	1
img21	n02102040	English springer	218
img22	n02102040	English springer	218
img23	n02102040	English springer	218
img24	n02102040	English springer	218
img25	n02102040	English springer	218
img26	n02102040	English springer	218
img27	n02102040	English springer	218
img28	n02102040	English springer	218
img29	n02102040	English springer	218
img30	n02102040	English springer	218
img31	n02102040	English springer	218
img32	n02102040	English springer	218
img33	n02102040	English springer	218
img34	n02102040	English springer	218
img35	n02102040	English springer	218
img36	n02102040	English springer	218
img37	n02102040	English springer	218
img38	n02102040	English springer	218
img39	n02102040	English springer	218
img40	n02102040	English springer	218
img41	n02979186	cassette player	483
img42	n02979186	cassette player	483
img43	n02979186	cassette player	483
img44	n02979186	cassette player	483
img45	n02979186	cassette player	483
img46	n02979186	cassette player	483
img47	n02979186	cassette player	483
img48	n02979186	cassette player	483
img49	n02979186	cassette player	483
img50	n02979186	cassette player	483
img51	n02979186	cassette player	483
img52	n02979186	cassette player	483
img53	n02979186	cassette player	483
img54	n02979186	cassette player	483
img55	n02979186	cassette player	483
img56	n02979186	cassette player	483
img57	n02979186	cassette player	483
img58	n02979186	cassette player	483
img59	n02979186	cassette player	483
img60	n02979186	cassette player	483
img61	n03000684	chain saw	492
img62	n03000684	chain saw	492
img63	n03000684	chain saw	492
img64	n03000684	chain saw	492
img65	n03000684	chain saw	492
img66	n03000684	chain saw	492
img67	n03000684	chain saw	492
img68	n03000684	chain saw	492
img69	n03000684	chain saw	492
img70	n03000684	chain saw	492
img71	n03000684	chain saw	492
img72	n03000684	chain saw	492
img73	n03000684	chain saw	492
img74	n03000684	chain saw	492
img75	n03000684	chain saw	492
img76	n03000684	chain saw	492
img77	n03000684	chain saw	492
img78	n03000684	chain saw	492
img79	n03000684	chain saw	492
img80	n03000684	chain saw	492
img81	n03028079	church	498
img82	n03028079	church	498
img83	n03028079	church	498
img84	n03028079	church	498
img85	n03028079	church	498
img86	n03028079	church	498
img87	n03028079	church	498
img88	n03028079	church	498
img89	n03028079	church	498
img90	n03028079	church	498
img91	n03028079	church	498
img92	n03028079	church	498
img93	n03028079	church	498
img94	n03028079	church	498
img95	n03028079	church	498
img96	n03028079	church	498
img97	n03028079	church	498
img98	n03028079	church	498
img99	n03028079	church	498
img100	n03028079	church	498
img101	n03394916	French horn	567
img102	n03394916	French horn	567
img103	n03394916	French horn	567
img104	n03394916	French horn	567
img105	n03394916	French horn	567
img106	n03394916	French horn	567
img107	n03394916	French horn	567
img108	n03394916	French horn	567
img109	n03394916	French horn	567
img110	n03394916	French horn	567
img111	n03394916	French horn	567
img112	n03394916	French horn	567
img113	n03394916	French horn	567
img114	n03394916	French horn	567
img115	n03394916	French horn	567
img116	n03394916	French horn	567
img117	n03394916	French horn	567
img118	n03394916	French horn	567
img119	n03394916	French horn	567
img120	n03394916	French horn	567
img121	n03417042	garbage truck	570
img122	n03417042	garbage truck	570
img123	n03417042	garbage truck	570
img124	n03417042	garbage truck	570
img125	n03417042	garbage truck	570
img126	n03417042	garbage truck	570
img127	n03417042	garbage truck	570
img128	n03417042	garbage truck	570
img129	n03417042	garbage truck	570
img130	n03417042	garbage truck	570
img131	n03417042	garbage truck	570
img132	n03417042	garbage truck	570
img133	n03417042	garbage truck	570
img134	n03417042	garbage truck	570
img135	n03417042	garbage truck	570
img136	n03417042	garbage truck	570
img137	n03417042	garbage truck	570
img138	n03417042	garbage truck	570
img139	n03417042	garbage truck	570
img140	n03417042	garbage truck	570
img141	n03425413	gas pump	572
img142	n03425413	gas pump	572
img143	n03425413	gas pump	572
img144	n03425413	gas pump	572
img145	n03425413	gas pump	572
img146	n03425413	gas pump	572
img147	n03425413	gas pump	572
img148	n03425413	gas pump	572
img149	n03425413	gas pump	572
img150	n03425413	gas pump	572
img151	n03425413	gas pump	572
img152	n03425413	gas pump	572
img153	n03425413	gas pump	572
img154	n03425413	gas pump	572
img155	n03425413	gas pump	572
img156	n03425413	gas pump	572
img157	n03425413	gas pump	572
img158	n03425413	gas pump	572
img159	n03425413	gas pump	572
img160	n03425413	gas pump	572
img161	n03445777	golf ball	575
img162	n03445777	golf ball	575
img163	n03445777	golf ball	575
img164	n03445777	golf ball	575
img165	n03445777	golf ball	575
img166	n03445777	golf ball	575
img167	n03445777	golf ball	575
img168	n03445777	golf ball	575
img169	n03445777	golf ball	575
img170	n03445777	golf ball	575
img171	n03445777	golf ball	575
img172	n03445777	golf ball	575
img173	n03445777	golf ball	575
img174	n03445777	golf ball	575
img175	n03445777	golf ball	575
img176	n03445777	golf ball	575
img177	n03445777	golf ball	575
img178	n03445777	golf ball	575
img179	n03445777	golf ball	575
img180	n03445777	golf ball	575
img181	n03888257	parachute	702
img182	n03888257	parachute	702
img183	n03888257	parachute	702
img184	n03888257	parachute	702
img185	n03888257	parachute	702
img186	n03888257	parachute	702
img187	n03888257	parachute	702
img188	n03888257	parachute	702
img189	n03888257	parachute	702
img190	n03888257	parachute	702
img191	n03888257	parachute	702
img192	n03888257	parachute	702
img193	n03888257	parachute	702
img194	n03888257	parachute	702
img195	n03888257	parachute	702
img196	n03888257	parachute	702
img197	n03888257	parachute	702
img198	n03888257	parachute	702
img199	n03888257	parachute	702
img200	n03888257	parachute	702
